,Year,Team,GP,W,L,year_diff,wins_change
232,2007,ANA,82,48,20,,
267,2008,ANA,82,47,27,1.0,-0.02083333333333337
313,2009,ANA,82,42,33,1.0,-0.1063829787234043
345,2010,ANA,82,39,32,1.0,-0.0714285714285714
372,2011,ANA,82,47,30,1.0,0.20512820512820507
419,2012,ANA,82,34,36,1.0,-0.276595744680851
430,2013,ANA,48,30,12,1.0,-0.11764705882352944
462,2014,ANA,82,54,20,1.0,0.8
497,2015,ANA,82,51,24,1.0,-0.05555555555555558
531,2016,ANA,82,46,25,1.0,-0.0980392156862745
565,2017,ANA,82,46,23,1.0,0.0
600,2018,ANA,82,44,25,1.0,-0.04347826086956519
653,2019,ANA,57,22,26,1.0,-0.5
522,2015,ARI,82,24,50,-4.0,0.09090909090909083
550,2016,ARI,82,35,39,1.0,0.45833333333333326
586,2017,ARI,82,30,42,1.0,-0.1428571428571429
621,2018,ARI,82,29,41,1.0,-0.033333333333333326
650,2019,ARI,56,25,26,1.0,-0.13793103448275867
77,1973,AFM,78,25,38,-46.0,0.0
114,1975,AFM,80,34,31,2.0,0.3600000000000001
133,1976,AFM,80,35,33,1.0,0.02941176470588225
154,1977,AFM,80,34,34,1.0,-0.02857142857142858
173,1978,AFM,80,34,27,1.0,0.0
216,1980,AFM,80,35,32,2.0,0.02941176470588225
59,2000,ATL,82,14,57,20.0,-0.6
90,2001,ATL,82,23,45,1.0,0.6428571428571428
125,2002,ATL,82,19,47,1.0,-0.17391304347826086
152,2003,ATL,82,31,39,1.0,0.631578947368421
182,2004,ATL,82,33,37,1.0,0.06451612903225801
215,2006,ATL,82,41,33,2.0,0.24242424242424243
241,2007,ATL,82,43,28,1.0,0.04878048780487809
290,2008,ATL,82,34,40,1.0,-0.2093023255813954
322,2009,ATL,82,35,41,1.0,0.02941176470588225
351,2010,ATL,82,35,34,1.0,0.0
386,2011,ATL,82,34,36,1.0,-0.02857142857142858
3,1969,BOS,76,42,18,-42.0,0.23529411764705888
17,1970,BOS,76,40,17,1.0,-0.04761904761904767
32,1971,BOS,78,57,14,1.0,0.42500000000000004
49,1972,BOS,78,54,13,1.0,-0.052631578947368474
67,1973,BOS,78,51,22,1.0,-0.05555555555555558
85,1974,BOS,78,52,17,1.0,0.019607843137254832
108,1975,BOS,80,40,26,1.0,-0.23076923076923073
127,1976,BOS,80,48,15,1.0,0.19999999999999996
148,1977,BOS,80,49,23,1.0,0.02083333333333326
168,1978,BOS,80,51,18,1.0,0.04081632653061229
190,1979,BOS,80,43,23,1.0,-0.1568627450980392
211,1980,BOS,80,46,21,1.0,0.06976744186046502
239,1981,BOS,80,37,30,1.0,-0.19565217391304346
259,1982,BOS,80,43,27,1.0,0.16216216216216206
280,1983,BOS,80,50,20,1.0,0.16279069767441867
305,1984,BOS,80,49,25,1.0,-0.020000000000000018
339,1985,BOS,80,36,34,1.0,-0.26530612244897955
383,1987,BOS,80,39,34,2.0,0.08333333333333326
403,1988,BOS,80,44,30,1.0,0.1282051282051282
428,1989,BOS,80,37,29,1.0,-0.15909090909090906
448,1990,BOS,80,46,25,1.0,0.2432432432432432
475,1991,BOS,80,44,24,1.0,-0.04347826086956519
504,1992,BOS,80,36,32,1.0,-0.18181818181818177
522,1993,BOS,84,51,26,1.0,0.41666666666666674
553,1994,BOS,84,42,29,1.0,-0.17647058823529416
582,1995,BOS,48,27,18,1.0,-0.3571428571428571
613,1996,BOS,82,40,31,1.0,0.4814814814814814
660,1997,BOS,82,26,47,1.0,-0.35
672,1998,BOS,82,39,30,1.0,0.5
9,1999,BOS,82,39,30,1.0,0.0
54,2000,BOS,82,24,33,1.0,-0.3846153846153846
80,2001,BOS,82,36,30,1.0,0.5
97,2002,BOS,82,43,24,1.0,0.19444444444444442
165,2004,BOS,82,41,19,2.0,-0.046511627906976716
222,2006,BOS,82,29,37,2.0,-0.29268292682926833
252,2007,BOS,82,35,41,1.0,0.2068965517241379
275,2008,BOS,82,41,29,1.0,0.17142857142857149
297,2009,BOS,82,53,19,1.0,0.29268292682926833
342,2010,BOS,82,39,30,1.0,-0.26415094339622647
369,2011,BOS,82,46,25,1.0,0.17948717948717952
403,2012,BOS,82,49,29,1.0,0.0652173913043479
432,2013,BOS,48,28,14,1.0,-0.4285714285714286
461,2014,BOS,82,54,19,1.0,0.9285714285714286
510,2015,BOS,82,41,27,1.0,-0.2407407407407407
541,2016,BOS,82,42,31,1.0,0.024390243902439046
573,2017,BOS,82,44,31,1.0,0.04761904761904767
596,2018,BOS,82,50,20,1.0,0.13636363636363646
41,1971,BUF,78,24,39,-47.0,-0.52
70,1973,BUF,78,37,27,2.0,0.5416666666666667
92,1974,BUF,78,32,34,1.0,-0.1351351351351351
105,1975,BUF,80,49,16,1.0,0.53125
128,1976,BUF,80,46,21,1.0,-0.061224489795918324
150,1977,BUF,80,48,24,1.0,0.04347826086956519
170,1978,BUF,80,44,19,1.0,-0.08333333333333337
194,1979,BUF,80,36,28,1.0,-0.18181818181818177
209,1980,BUF,80,47,17,1.0,0.3055555555555556
235,1981,BUF,80,39,20,1.0,-0.17021276595744683
261,1982,BUF,80,39,26,1.0,0.0
288,1983,BUF,80,38,29,1.0,-0.02564102564102566
307,1984,BUF,80,48,25,1.0,0.26315789473684204
335,1985,BUF,80,38,28,1.0,-0.20833333333333337
364,1986,BUF,80,37,37,1.0,-0.02631578947368418
395,1987,BUF,80,28,44,1.0,-0.2432432432432432
408,1988,BUF,80,37,32,1.0,0.3214285714285714
431,1989,BUF,80,38,35,1.0,0.027027027027026973
450,1990,BUF,80,45,27,1.0,0.18421052631578938
481,1991,BUF,80,31,30,1.0,-0.3111111111111111
512,1992,BUF,80,31,37,1.0,0.0
535,1993,BUF,84,38,36,1.0,0.22580645161290325
587,1995,BUF,48,22,19,2.0,-0.42105263157894735
625,1996,BUF,82,33,42,1.0,0.5
640,1997,BUF,82,40,30,1.0,0.21212121212121215
673,1998,BUF,82,36,29,1.0,-0.09999999999999998
10,1999,BUF,82,37,28,1.0,0.02777777777777768
47,2000,BUF,82,35,32,1.0,-0.05405405405405406
70,2001,BUF,82,46,30,1.0,0.3142857142857143
115,2002,BUF,82,35,35,1.0,-0.23913043478260865
154,2003,BUF,82,27,37,1.0,-0.22857142857142854
179,2004,BUF,82,37,34,1.0,0.37037037037037046
201,2006,BUF,82,52,24,2.0,0.4054054054054055
231,2007,BUF,82,53,22,1.0,0.019230769230769162
280,2008,BUF,82,39,31,1.0,-0.26415094339622647
312,2009,BUF,82,41,32,1.0,0.05128205128205132
339,2010,BUF,82,45,27,1.0,0.09756097560975618
376,2011,BUF,82,43,29,1.0,-0.0444444444444444
413,2012,BUF,82,39,32,1.0,-0.09302325581395354
448,2013,BUF,48,21,21,1.0,-0.46153846153846156
490,2014,BUF,82,21,51,1.0,0.0
523,2015,BUF,82,23,51,1.0,0.09523809523809534
549,2016,BUF,82,35,36,1.0,0.5217391304347827
585,2017,BUF,82,33,37,1.0,-0.05714285714285716
623,2018,BUF,82,25,45,1.0,-0.24242424242424243
641,2019,BUF,56,28,21,1.0,0.1200000000000001
238,1981,CGY,80,39,27,-38.0,0.3928571428571428
267,1982,CGY,80,29,34,1.0,-0.2564102564102564
291,1983,CGY,80,32,34,1.0,0.10344827586206895
313,1984,CGY,80,34,32,1.0,0.0625
332,1985,CGY,80,41,27,1.0,0.2058823529411764
357,1986,CGY,80,40,31,1.0,-0.024390243902439046
378,1987,CGY,80,46,31,1.0,0.1499999999999999
400,1988,CGY,80,48,23,1.0,0.04347826086956519
424,1989,CGY,80,54,17,1.0,0.125
449,1990,CGY,80,42,23,1.0,-0.2222222222222222
476,1991,CGY,80,46,26,1.0,0.09523809523809534
511,1992,CGY,80,31,37,1.0,-0.32608695652173914
529,1993,CGY,84,43,30,1.0,0.3870967741935485
554,1994,CGY,84,42,29,1.0,-0.023255813953488413
583,1995,CGY,48,24,17,1.0,-0.4285714285714286
621,1996,CGY,82,34,37,1.0,0.41666666666666674
655,1997,CGY,82,32,41,1.0,-0.05882352941176472
685,1998,CGY,82,26,41,1.0,-0.1875
21,1999,CGY,82,30,40,1.0,0.15384615384615374
53,2000,CGY,82,31,36,1.0,0.03333333333333344
117,2002,CGY,82,32,35,2.0,0.032258064516129004
150,2003,CGY,82,29,36,1.0,-0.09375
173,2004,CGY,82,42,30,1.0,0.4482758620689655
203,2006,CGY,82,46,25,2.0,0.09523809523809534
242,2007,CGY,82,43,29,1.0,-0.06521739130434778
276,2008,CGY,82,42,30,1.0,-0.023255813953488413
305,2009,CGY,82,46,30,1.0,0.09523809523809534
343,2010,CGY,82,40,32,1.0,-0.13043478260869568
378,2011,CGY,82,41,29,1.0,0.02499999999999991
411,2012,CGY,82,37,29,1.0,-0.09756097560975607
452,2013,CGY,48,19,25,1.0,-0.4864864864864865
487,2014,CGY,82,35,40,1.0,0.8421052631578947
509,2015,CGY,82,45,30,1.0,0.2857142857142858
552,2016,CGY,82,35,40,1.0,-0.2222222222222222
577,2017,CGY,82,45,33,1.0,0.2857142857142858
612,2018,CGY,82,37,35,1.0,-0.1777777777777778
630,2019,CGY,56,34,16,1.0,-0.08108108108108103
45,1971,CGS,78,20,53,-48.0,-0.4117647058823529
59,1972,CGS,78,21,39,1.0,0.050000000000000044
80,1973,CGS,78,16,46,1.0,-0.23809523809523814
100,1974,CGS,78,13,55,1.0,-0.1875
119,1975,CGS,80,19,48,1.0,0.46153846153846145
138,1976,CGS,80,27,42,1.0,0.42105263157894735
680,1998,CAR,82,33,41,22.0,0.22222222222222232
48,2000,CAR,82,37,35,2.0,0.1212121212121211
79,2001,CAR,82,38,32,1.0,0.027027027027026973
111,2002,CAR,82,35,26,1.0,-0.07894736842105265
158,2003,CAR,82,22,43,1.0,-0.37142857142857144
183,2004,CAR,82,28,34,1.0,0.2727272727272727
199,2006,CAR,82,52,22,2.0,0.8571428571428572
249,2007,CAR,82,40,34,1.0,-0.23076923076923073
278,2008,CAR,82,43,33,1.0,0.07499999999999996
306,2009,CAR,82,45,30,1.0,0.04651162790697683
352,2010,CAR,82,35,37,1.0,-0.2222222222222222
380,2011,CAR,82,40,31,1.0,0.1428571428571428
417,2012,CAR,82,33,33,1.0,-0.17500000000000004
453,2013,CAR,48,19,25,1.0,-0.4242424242424242
484,2014,CAR,82,36,35,1.0,0.894736842105263
519,2015,CAR,82,30,41,1.0,-0.16666666666666663
544,2016,CAR,82,35,31,1.0,0.16666666666666674
580,2017,CAR,82,36,31,1.0,0.02857142857142847
613,2018,CAR,82,36,35,1.0,0.0
640,2019,CAR,57,29,22,1.0,-0.19444444444444442
8,1969,CHI,76,34,33,-50.0,0.17241379310344818
18,1970,CHI,76,45,22,1.0,0.32352941176470584
34,1971,CHI,78,49,20,1.0,0.0888888888888888
52,1972,CHI,78,46,17,1.0,-0.061224489795918324
69,1973,CHI,78,42,27,1.0,-0.08695652173913049
87,1974,CHI,78,41,14,1.0,-0.023809523809523836
115,1975,CHI,80,37,35,1.0,-0.09756097560975607
134,1976,CHI,80,32,30,1.0,-0.1351351351351351
174,1978,CHI,80,32,29,2.0,0.0
198,1979,CHI,80,29,36,1.0,-0.09375
214,1980,CHI,80,34,27,1.0,0.17241379310344818
242,1981,CHI,80,31,33,1.0,-0.08823529411764708
270,1982,CHI,80,30,38,1.0,-0.032258064516129004
283,1983,CHI,80,47,23,1.0,0.5666666666666667
319,1984,CHI,80,30,42,1.0,-0.36170212765957444
338,1985,CHI,80,38,35,1.0,0.2666666666666666
360,1986,CHI,80,39,33,1.0,0.026315789473684292
389,1987,CHI,80,29,37,1.0,-0.2564102564102564
415,1988,CHI,80,30,41,1.0,0.034482758620689724
439,1989,CHI,80,27,41,1.0,-0.09999999999999998
453,1990,CHI,80,41,33,1.0,0.5185185185185186
472,1991,CHI,80,49,23,1.0,0.19512195121951215
502,1992,CHI,80,36,29,1.0,-0.26530612244897955
523,1993,CHI,84,47,25,1.0,0.3055555555555556
560,1994,CHI,84,39,36,1.0,-0.17021276595744683
584,1995,CHI,48,24,19,1.0,-0.3846153846153846
611,1996,CHI,82,40,28,1.0,0.6666666666666667
648,1997,CHI,82,34,35,1.0,-0.15000000000000002
681,1998,CHI,82,30,39,1.0,-0.11764705882352944
22,1999,CHI,82,29,41,1.0,-0.033333333333333326
52,2000,CHI,82,33,37,1.0,0.13793103448275867
84,2001,CHI,82,29,40,1.0,-0.12121212121212122
104,2002,CHI,82,41,27,1.0,0.4137931034482758
145,2003,CHI,82,30,33,1.0,-0.2682926829268293
189,2004,CHI,82,20,43,1.0,-0.33333333333333337
224,2006,CHI,82,26,43,2.0,0.30000000000000004
254,2007,CHI,82,31,42,1.0,0.1923076923076923
282,2008,CHI,82,40,34,1.0,0.29032258064516125
331,2010,CHI,82,52,22,2.0,0.30000000000000004
374,2011,CHI,82,44,29,1.0,-0.15384615384615385
404,2012,CHI,82,45,26,1.0,0.022727272727272707
428,2013,CHI,48,36,7,1.0,-0.19999999999999996
467,2014,CHI,82,46,21,1.0,0.2777777777777777
500,2015,CHI,82,48,28,1.0,0.04347826086956519
533,2016,CHI,82,47,26,1.0,-0.02083333333333337
562,2017,CHI,82,50,23,1.0,0.06382978723404253
617,2018,CHI,82,33,39,1.0,-0.33999999999999997
648,2019,CHI,57,23,25,1.0,-0.303030303030303
158,1977,CLE,80,25,42,-42.0,0.08695652173913038
181,1978,CLE,80,22,45,1.0,-0.12
607,1996,COL,82,47,25,18.0,1.1363636363636362
635,1997,COL,82,49,24,1.0,0.042553191489361764
670,1998,COL,82,39,26,1.0,-0.20408163265306123
5,1999,COL,82,44,28,1.0,0.1282051282051282
40,2000,COL,82,42,28,1.0,-0.045454545454545414
100,2002,COL,82,45,28,2.0,0.0714285714285714
134,2003,COL,82,42,19,1.0,-0.06666666666666665
171,2004,COL,82,40,22,1.0,-0.04761904761904767
209,2006,COL,82,43,30,2.0,0.07499999999999996
243,2007,COL,82,44,31,1.0,0.023255813953488413
273,2008,COL,82,44,31,1.0,0.0
323,2009,COL,82,32,45,1.0,-0.2727272727272727
340,2010,COL,82,43,30,1.0,0.34375
390,2011,COL,82,30,44,1.0,-0.3023255813953488
414,2012,COL,82,41,35,1.0,0.3666666666666667
456,2013,COL,48,16,25,1.0,-0.6097560975609756
463,2014,COL,82,52,22,1.0,2.25
514,2015,COL,82,39,31,1.0,-0.25
548,2016,COL,82,39,39,1.0,0.0
589,2017,COL,82,22,56,1.0,-0.4358974358974359
609,2018,COL,82,43,30,1.0,0.9545454545454546
649,2019,COL,56,22,23,1.0,-0.4883720930232558
162,1977,CLR,80,20,46,-42.0,-0.09090909090909094
179,1978,CLR,80,19,40,1.0,-0.050000000000000044
204,1979,CLR,80,15,53,1.0,-0.21052631578947367
250,1981,CLR,80,22,45,2.0,0.46666666666666656
276,1982,CLR,80,18,49,1.0,-0.18181818181818177
85,2001,CBJ,82,28,39,19.0,0.5555555555555556
124,2002,CBJ,82,22,47,1.0,-0.2142857142857143
156,2003,CBJ,82,29,42,1.0,0.3181818181818181
188,2004,CBJ,82,25,45,1.0,-0.13793103448275867
221,2006,CBJ,82,35,43,2.0,0.3999999999999999
287,2008,CBJ,82,34,36,2.0,-0.02857142857142858
310,2009,CBJ,82,41,31,1.0,0.2058823529411764
355,2010,CBJ,82,32,35,1.0,-0.2195121951219512
385,2011,CBJ,82,34,35,1.0,0.0625
424,2012,CBJ,82,29,46,1.0,-0.1470588235294118
442,2013,CBJ,48,24,17,1.0,-0.1724137931034483
475,2014,CBJ,82,43,32,1.0,0.7916666666666667
516,2015,CBJ,82,42,35,1.0,-0.023255813953488413
553,2016,CBJ,82,34,40,1.0,-0.19047619047619047
563,2017,CBJ,82,50,24,1.0,0.47058823529411775
606,2018,CBJ,82,45,30,1.0,-0.09999999999999998
638,2019,CBJ,55,32,20,1.0,-0.28888888888888886
555,1994,DAL,84,42,29,-25.0,0.3125
595,1995,DAL,48,17,23,1.0,-0.5952380952380952
627,1996,DAL,82,26,42,1.0,0.5294117647058822
637,1997,DAL,82,48,26,1.0,0.8461538461538463
664,1998,DAL,82,49,22,1.0,0.02083333333333326
2,1999,DAL,82,51,19,1.0,0.04081632653061229
37,2000,DAL,82,43,23,1.0,-0.1568627450980392
67,2001,DAL,82,48,24,1.0,0.11627906976744184
112,2002,DAL,82,36,28,1.0,-0.25
130,2003,DAL,82,46,17,1.0,0.2777777777777777
172,2004,DAL,82,41,26,1.0,-0.10869565217391308
200,2006,DAL,82,53,23,2.0,0.29268292682926833
234,2007,DAL,82,50,25,1.0,-0.05660377358490565
271,2008,DAL,82,45,30,1.0,-0.09999999999999998
317,2009,DAL,82,36,35,1.0,-0.19999999999999996
346,2010,DAL,82,37,31,1.0,0.02777777777777768
377,2011,DAL,82,42,29,1.0,0.1351351351351351
412,2012,DAL,82,42,35,1.0,0.0
450,2013,DAL,48,22,22,1.0,-0.47619047619047616
476,2014,DAL,82,40,31,1.0,0.8181818181818181
512,2015,DAL,82,41,31,1.0,0.02499999999999991
528,2016,DAL,82,50,23,1.0,0.2195121951219512
583,2017,DAL,82,34,37,1.0,-0.31999999999999995
611,2018,DAL,82,42,32,1.0,0.23529411764705888
642,2019,DAL,56,29,22,1.0,-0.30952380952380953
7,1969,DET,76,33,31,-50.0,0.13793103448275867
19,1970,DET,76,40,21,1.0,0.21212121212121215
44,1971,DET,78,22,45,1.0,-0.44999999999999996
55,1972,DET,78,33,35,1.0,0.5
71,1973,DET,78,37,29,1.0,0.1212121212121211
94,1974,DET,78,29,39,1.0,-0.21621621621621623
117,1975,DET,80,23,45,1.0,-0.2068965517241379
139,1976,DET,80,26,44,1.0,0.13043478260869557
163,1977,DET,80,16,55,1.0,-0.3846153846153846
175,1978,DET,80,32,34,1.0,1.0
202,1979,DET,80,23,41,1.0,-0.28125
225,1980,DET,80,26,43,1.0,0.13043478260869557
251,1981,DET,80,19,43,1.0,-0.2692307692307693
275,1982,DET,80,21,47,1.0,0.10526315789473695
297,1983,DET,80,21,44,1.0,0.0
318,1984,DET,80,31,42,1.0,0.4761904761904763
342,1985,DET,80,27,41,1.0,-0.12903225806451613
372,1986,DET,80,17,57,1.0,-0.37037037037037035
386,1987,DET,80,34,36,1.0,1.0
404,1988,DET,80,41,28,1.0,0.2058823529411764
434,1989,DET,80,34,34,1.0,-0.1707317073170732
466,1990,DET,80,28,38,1.0,-0.17647058823529416
485,1991,DET,80,34,38,1.0,0.2142857142857142
498,1992,DET,80,43,25,1.0,0.2647058823529411
525,1993,DET,84,47,28,1.0,0.09302325581395343
551,1994,DET,84,46,30,1.0,-0.021276595744680882
577,1995,DET,48,33,11,1.0,-0.28260869565217395
606,1996,DET,82,62,13,1.0,0.8787878787878789
639,1997,DET,82,38,26,1.0,-0.3870967741935484
666,1998,DET,82,44,23,1.0,0.1578947368421053
8,1999,DET,82,43,32,1.0,-0.022727272727272707
33,2000,DET,82,48,22,1.0,0.11627906976744184
64,2001,DET,82,49,20,1.0,0.02083333333333326
96,2002,DET,82,51,17,1.0,0.04081632653061229
131,2003,DET,82,48,20,1.0,-0.05882352941176472
162,2004,DET,82,48,21,1.0,0.0
197,2006,DET,82,58,16,2.0,0.20833333333333326
230,2007,DET,82,50,19,1.0,-0.13793103448275867
263,2008,DET,82,54,21,1.0,0.08000000000000007
298,2009,DET,82,51,21,1.0,-0.05555555555555558
335,2010,DET,82,44,24,1.0,-0.13725490196078427
367,2011,DET,82,47,25,1.0,0.06818181818181812
401,2012,DET,82,48,28,1.0,0.02127659574468077
440,2013,DET,48,24,16,1.0,-0.5
474,2014,DET,82,39,28,1.0,0.625
504,2015,DET,82,43,25,1.0,0.10256410256410264
542,2016,DET,82,41,30,1.0,-0.046511627906976716
584,2017,DET,82,33,36,1.0,-0.19512195121951215
619,2018,DET,82,30,39,1.0,-0.09090909090909094
654,2019,DET,57,22,28,1.0,-0.2666666666666667
223,1980,EDM,80,28,39,-39.0,0.2727272727272727
244,1981,EDM,80,29,35,1.0,0.03571428571428581
257,1982,EDM,80,48,17,1.0,0.6551724137931034
282,1983,EDM,80,47,21,1.0,-0.02083333333333337
304,1984,EDM,80,57,18,1.0,0.2127659574468086
329,1985,EDM,80,49,20,1.0,-0.14035087719298245
352,1986,EDM,80,56,17,1.0,0.1428571428571428
376,1987,EDM,80,50,24,1.0,-0.1071428571428571
402,1988,EDM,80,44,25,1.0,-0.12
430,1989,EDM,80,38,34,1.0,-0.13636363636363635
452,1990,EDM,80,38,28,1.0,0.0
482,1991,EDM,80,37,37,1.0,-0.02631578947368418
507,1992,EDM,80,36,34,1.0,-0.027027027027026973
540,1993,EDM,84,26,50,1.0,-0.2777777777777778
570,1994,EDM,84,25,45,1.0,-0.038461538461538436
598,1995,EDM,48,17,27,1.0,-0.31999999999999995
626,1996,EDM,82,30,44,1.0,0.7647058823529411
647,1997,EDM,82,36,37,1.0,0.19999999999999996
678,1998,EDM,82,35,37,1.0,-0.02777777777777779
18,1999,EDM,82,33,37,1.0,-0.05714285714285716
45,2000,EDM,82,32,26,1.0,-0.030303030303030276
74,2001,EDM,82,39,28,1.0,0.21875
110,2002,EDM,82,38,28,1.0,-0.02564102564102566
142,2003,EDM,82,36,26,1.0,-0.052631578947368474
178,2004,EDM,82,36,29,1.0,0.0
210,2006,EDM,82,41,28,2.0,0.13888888888888884
255,2007,EDM,82,32,43,1.0,-0.2195121951219512
283,2008,EDM,82,41,35,1.0,0.28125
316,2009,EDM,82,38,35,1.0,-0.07317073170731703
358,2010,EDM,82,27,47,1.0,-0.2894736842105263
391,2011,EDM,82,25,45,1.0,-0.07407407407407407
423,2012,EDM,82,32,40,1.0,0.28
451,2013,EDM,48,19,22,1.0,-0.40625
488,2014,EDM,82,29,44,1.0,0.5263157894736843
521,2015,EDM,82,24,44,1.0,-0.1724137931034483
555,2016,EDM,82,31,43,1.0,0.29166666666666674
567,2017,EDM,82,47,26,1.0,0.5161290322580645
615,2018,EDM,82,36,40,1.0,-0.23404255319148937
652,2019,EDM,56,24,27,1.0,-0.33333333333333337
563,1994,FLA,84,33,34,-25.0,0.375
591,1995,FLA,48,20,22,1.0,-0.3939393939393939
612,1996,FLA,82,41,31,1.0,1.0499999999999998
641,1997,FLA,82,35,28,1.0,-0.14634146341463417
688,1998,FLA,82,24,43,1.0,-0.3142857142857143
17,1999,FLA,82,30,34,1.0,0.25
39,2000,FLA,82,43,27,1.0,0.43333333333333335
89,2001,FLA,82,22,38,1.0,-0.4883720930232558
123,2002,FLA,82,22,44,1.0,0.0
155,2003,FLA,82,24,36,1.0,0.09090909090909083
217,2006,FLA,82,37,34,3.0,0.5416666666666667
250,2007,FLA,82,35,31,1.0,-0.05405405405405406
284,2008,FLA,82,38,35,1.0,0.08571428571428563
309,2009,FLA,82,41,30,1.0,0.07894736842105265
356,2010,FLA,82,32,37,1.0,-0.2195121951219512
389,2011,FLA,82,30,40,1.0,-0.0625
408,2012,FLA,82,38,26,1.0,0.2666666666666666
457,2013,FLA,48,15,27,1.0,-0.6052631578947368
489,2014,FLA,82,29,45,1.0,0.9333333333333333
513,2015,FLA,82,38,29,1.0,0.31034482758620685
532,2016,FLA,82,47,26,1.0,0.23684210526315796
582,2017,FLA,82,35,36,1.0,-0.25531914893617025
608,2018,FLA,82,44,30,1.0,0.2571428571428571
651,2019,FLA,55,23,24,1.0,-0.4772727272727273
220,1980,HFD,80,27,34,-39.0,0.17391304347826098
249,1981,HFD,80,21,41,1.0,-0.2222222222222222
273,1982,HFD,80,21,41,1.0,0.0
299,1983,HFD,80,19,54,1.0,-0.09523809523809523
320,1984,HFD,80,28,42,1.0,0.4736842105263157
341,1985,HFD,80,30,41,1.0,0.0714285714285714
362,1986,HFD,80,40,36,1.0,0.33333333333333326
379,1987,HFD,80,43,30,1.0,0.07499999999999996
412,1988,HFD,80,35,38,1.0,-0.18604651162790697
435,1989,HFD,80,37,38,1.0,0.05714285714285716
455,1990,HFD,80,38,33,1.0,0.027027027027026973
486,1991,HFD,80,31,38,1.0,-0.1842105263157895
515,1992,HFD,80,26,41,1.0,-0.16129032258064513
541,1993,HFD,84,26,52,1.0,0.0
571,1994,HFD,84,27,48,1.0,0.03846153846153855
592,1995,HFD,48,19,24,1.0,-0.2962962962962963
653,1997,HFD,82,32,39,2.0,0.6842105263157894
120,1975,KCS,80,15,54,-22.0,-0.53125
141,1976,KCS,80,12,56,1.0,-0.19999999999999996
11,1969,LAK,76,24,42,-7.0,1.0
28,1970,LAK,76,14,52,1.0,-0.41666666666666663
40,1971,LAK,78,25,40,1.0,0.7857142857142858
61,1972,LAK,78,20,49,1.0,-0.19999999999999996
75,1973,LAK,78,31,36,1.0,0.55
91,1974,LAK,78,33,33,1.0,0.06451612903225801
107,1975,LAK,80,42,17,1.0,0.2727272727272727
130,1976,LAK,80,38,33,1.0,-0.09523809523809523
151,1977,LAK,80,34,31,1.0,-0.10526315789473684
176,1978,LAK,80,31,34,1.0,-0.08823529411764708
197,1979,LAK,80,34,34,1.0,0.09677419354838701
219,1980,LAK,80,30,36,1.0,-0.11764705882352944
236,1981,LAK,80,43,24,1.0,0.43333333333333335
272,1982,LAK,80,24,41,1.0,-0.4418604651162791
295,1983,LAK,80,27,41,1.0,0.125
322,1984,LAK,80,23,44,1.0,-0.14814814814814814
340,1985,LAK,80,34,32,1.0,0.4782608695652173
371,1986,LAK,80,23,49,1.0,-0.32352941176470584
393,1987,LAK,80,31,41,1.0,0.34782608695652173
417,1988,LAK,80,30,42,1.0,-0.032258064516129004
427,1989,LAK,80,42,31,1.0,0.3999999999999999
462,1990,LAK,80,34,39,1.0,-0.19047619047619047
474,1991,LAK,80,46,24,1.0,0.3529411764705883
505,1992,LAK,80,35,31,1.0,-0.23913043478260865
531,1993,LAK,84,39,35,1.0,0.11428571428571432
569,1994,LAK,84,27,45,1.0,-0.3076923076923077
596,1995,LAK,48,16,23,1.0,-0.40740740740740744
628,1996,LAK,82,24,40,1.0,0.5
674,1998,LAK,82,38,33,2.0,0.5833333333333333
23,1999,LAK,82,32,45,1.0,-0.1578947368421053
42,2000,LAK,82,39,27,1.0,0.21875
75,2001,LAK,82,38,28,1.0,-0.02564102564102566
106,2002,LAK,82,40,27,1.0,0.05263157894736836
146,2003,LAK,82,33,37,1.0,-0.17500000000000004
181,2004,LAK,82,28,29,1.0,-0.1515151515151515
216,2006,LAK,82,42,35,2.0,0.5
257,2007,LAK,82,27,41,1.0,-0.3571428571428571
291,2008,LAK,82,32,43,1.0,0.18518518518518512
321,2009,LAK,82,34,37,1.0,0.0625
336,2010,LAK,82,46,27,1.0,0.3529411764705883
407,2012,LAK,82,40,27,2.0,-0.13043478260869568
434,2013,LAK,48,27,16,1.0,-0.32499999999999996
470,2014,LAK,82,46,28,1.0,0.7037037037037037
511,2015,LAK,82,40,27,1.0,-0.13043478260869568
534,2016,LAK,82,48,28,1.0,0.19999999999999996
581,2017,LAK,82,39,35,1.0,-0.1875
605,2018,LAK,82,45,29,1.0,0.15384615384615374
655,2019,LAK,56,23,28,1.0,-0.48888888888888893
568,1994,ANA,84,33,46,-25.0,0.4347826086956521
600,1995,ANA,48,16,27,1.0,-0.5151515151515151
622,1996,ANA,82,35,39,1.0,1.1875
643,1997,ANA,82,36,33,1.0,0.02857142857142847
686,1998,ANA,82,26,43,1.0,-0.2777777777777778
15,1999,ANA,82,35,34,1.0,0.34615384615384626
51,2000,ANA,82,34,33,1.0,-0.02857142857142858
88,2001,ANA,82,25,41,1.0,-0.2647058823529411
120,2002,ANA,82,29,42,1.0,0.15999999999999992
139,2003,ANA,82,40,27,1.0,0.3793103448275863
184,2004,ANA,82,29,35,1.0,-0.275
208,2006,ANA,82,43,27,2.0,0.48275862068965525
12,1969,MNS,76,18,43,-37.0,-0.5813953488372092
25,1970,MNS,76,19,35,1.0,0.05555555555555558
39,1971,MNS,78,28,34,1.0,0.4736842105263157
53,1972,MNS,78,37,29,1.0,0.3214285714285714
72,1973,MNS,78,37,30,1.0,0.0
97,1974,MNS,78,23,38,1.0,-0.3783783783783784
118,1975,MNS,80,23,50,1.0,0.0
140,1976,MNS,80,20,53,1.0,-0.13043478260869568
157,1977,MNS,80,23,39,1.0,0.1499999999999999
184,1978,MNS,80,18,53,1.0,-0.21739130434782605
199,1979,MNS,80,28,40,1.0,0.5555555555555556
213,1980,MNS,80,36,28,1.0,0.2857142857142858
240,1981,MNS,80,35,28,1.0,-0.02777777777777779
286,1983,MNS,80,40,24,2.0,0.1428571428571428
312,1984,MNS,80,39,31,1.0,-0.025000000000000022
343,1985,MNS,80,25,43,1.0,-0.3589743589743589
361,1986,MNS,80,38,33,1.0,0.52
420,1988,MNS,80,19,48,2.0,-0.5
438,1989,MNS,80,27,37,1.0,0.42105263157894735
461,1990,MNS,80,36,40,1.0,0.33333333333333326
487,1991,MNS,80,27,39,1.0,-0.25
513,1992,MNS,80,32,42,1.0,0.18518518518518512
538,1993,MNS,84,36,38,1.0,0.125
87,2001,MIN,82,25,39,8.0,-0.3055555555555556
118,2002,MIN,82,26,35,1.0,0.040000000000000036
138,2003,MIN,82,42,29,1.0,0.6153846153846154
180,2004,MIN,82,30,29,1.0,-0.2857142857142857
218,2006,MIN,82,38,36,2.0,0.2666666666666666
240,2007,MIN,82,48,26,1.0,0.26315789473684204
269,2008,MIN,82,44,28,1.0,-0.08333333333333337
314,2009,MIN,82,40,33,1.0,-0.09090909090909094
350,2010,MIN,82,38,36,1.0,-0.050000000000000044
382,2011,MIN,82,39,35,1.0,0.026315789473684292
418,2012,MIN,82,35,36,1.0,-0.10256410256410253
443,2013,MIN,48,26,19,1.0,-0.2571428571428571
471,2014,MIN,82,43,27,1.0,0.6538461538461537
505,2015,MIN,82,46,28,1.0,0.06976744186046502
543,2016,MIN,82,38,33,1.0,-0.17391304347826086
564,2017,MIN,82,49,25,1.0,0.2894736842105263
601,2018,MIN,82,45,26,1.0,-0.08163265306122447
644,2019,MIN,57,27,25,1.0,-0.4
2,1969,MTL,76,46,19,-50.0,0.7037037037037037
21,1970,MTL,76,38,22,1.0,-0.17391304347826086
35,1971,MTL,78,42,23,1.0,0.10526315789473695
51,1972,MTL,78,46,16,1.0,0.09523809523809534
66,1973,MTL,78,52,10,1.0,0.13043478260869557
88,1974,MTL,78,45,24,1.0,-0.13461538461538458
104,1975,MTL,80,47,14,1.0,0.04444444444444451
125,1976,MTL,80,58,11,1.0,0.23404255319148937
146,1977,MTL,80,60,8,1.0,0.034482758620689724
167,1978,MTL,80,59,10,1.0,-0.01666666666666672
189,1979,MTL,80,52,17,1.0,-0.11864406779661019
210,1980,MTL,80,47,20,1.0,-0.09615384615384615
234,1981,MTL,80,45,22,1.0,-0.04255319148936165
258,1982,MTL,80,46,17,1.0,0.022222222222222143
284,1983,MTL,80,42,24,1.0,-0.08695652173913049
314,1984,MTL,80,35,40,1.0,-0.16666666666666663
333,1985,MTL,80,41,27,1.0,0.17142857142857149
358,1986,MTL,80,40,33,1.0,-0.024390243902439046
380,1987,MTL,80,41,29,1.0,0.02499999999999991
401,1988,MTL,80,45,22,1.0,0.09756097560975618
451,1990,MTL,80,41,28,2.0,-0.0888888888888889
477,1991,MTL,80,39,30,1.0,-0.04878048780487809
500,1992,MTL,80,41,28,1.0,0.05128205128205132
526,1993,MTL,84,48,30,1.0,0.1707317073170731
556,1994,MTL,84,41,29,1.0,-0.14583333333333337
593,1995,MTL,48,18,23,1.0,-0.5609756097560976
614,1996,MTL,82,40,32,1.0,1.2222222222222223
650,1997,MTL,82,31,36,1.0,-0.22499999999999998
675,1998,MTL,82,37,32,1.0,0.19354838709677424
20,1999,MTL,82,32,39,1.0,-0.1351351351351351
50,2000,MTL,82,35,34,1.0,0.09375
86,2001,MTL,82,28,40,1.0,-0.19999999999999996
113,2002,MTL,82,36,31,1.0,0.2857142857142858
149,2003,MTL,82,30,35,1.0,-0.16666666666666663
174,2004,MTL,82,41,30,1.0,0.3666666666666667
211,2006,MTL,82,42,31,2.0,0.024390243902439046
248,2007,MTL,82,42,34,1.0,0.0
265,2008,MTL,82,47,25,1.0,0.11904761904761907
308,2009,MTL,82,41,30,1.0,-0.12765957446808507
348,2010,MTL,82,39,33,1.0,-0.04878048780487809
375,2011,MTL,82,44,30,1.0,0.1282051282051282
422,2012,MTL,82,31,35,1.0,-0.2954545454545454
431,2013,MTL,48,29,14,1.0,-0.06451612903225812
495,2015,MTL,82,50,22,2.0,0.7241379310344827
547,2016,MTL,82,38,38,1.0,-0.24
566,2017,MTL,82,47,26,1.0,0.23684210526315796
620,2018,MTL,82,29,40,1.0,-0.3829787234042553
636,2019,MTL,56,31,18,1.0,0.06896551724137923
25,1999,NSH,82,28,47,-20.0,-0.09677419354838712
56,2000,NSH,82,28,40,1.0,0.0
81,2001,NSH,82,34,36,1.0,0.2142857142857142
119,2002,NSH,82,28,41,1.0,-0.17647058823529416
151,2003,NSH,82,27,35,1.0,-0.0357142857142857
176,2004,NSH,82,38,29,1.0,0.40740740740740744
202,2006,NSH,82,49,25,2.0,0.2894736842105263
233,2007,NSH,82,51,23,1.0,0.04081632653061229
279,2008,NSH,82,41,32,1.0,-0.196078431372549
315,2009,NSH,82,40,34,1.0,-0.024390243902439046
338,2010,NSH,82,47,29,1.0,0.17500000000000004
371,2011,NSH,82,44,27,1.0,-0.06382978723404253
399,2012,NSH,82,48,26,1.0,0.09090909090909083
454,2013,NSH,48,16,23,1.0,-0.6666666666666667
479,2014,NSH,82,38,32,1.0,1.375
499,2015,NSH,82,47,25,1.0,0.23684210526315796
540,2016,NSH,82,41,27,1.0,-0.12765957446808507
576,2017,NSH,82,41,29,1.0,0.0
593,2018,NSH,82,53,18,1.0,0.29268292682926833
634,2019,NSH,59,33,21,1.0,-0.37735849056603776
298,1983,NJD,80,17,49,-36.0,-0.48484848484848486
323,1984,NJD,80,17,56,1.0,0.0
346,1985,NJD,80,22,48,1.0,0.2941176470588236
369,1986,NJD,80,28,49,1.0,0.2727272727272727
396,1987,NJD,80,29,45,1.0,0.03571428571428581
409,1988,NJD,80,38,36,1.0,0.31034482758620685
440,1989,NJD,80,27,41,1.0,-0.2894736842105263
483,1991,NJD,80,32,33,2.0,0.18518518518518512
503,1992,NJD,80,38,31,1.0,0.1875
532,1993,NJD,84,40,37,1.0,0.05263157894736836
549,1994,NJD,84,47,25,1.0,0.17500000000000004
586,1995,NJD,48,22,18,1.0,-0.5319148936170213
617,1996,NJD,82,37,33,1.0,0.6818181818181819
636,1997,NJD,82,45,23,1.0,0.21621621621621623
665,1998,NJD,82,48,23,1.0,0.06666666666666665
3,1999,NJD,82,47,24,1.0,-0.02083333333333337
35,2000,NJD,82,45,24,1.0,-0.04255319148936165
65,2001,NJD,82,48,19,1.0,0.06666666666666665
107,2002,NJD,82,41,28,1.0,-0.14583333333333337
132,2003,NJD,82,46,20,1.0,0.12195121951219523
170,2004,NJD,82,43,25,1.0,-0.06521739130434778
235,2007,NJD,82,49,24,3.0,0.13953488372093026
268,2008,NJD,82,46,29,1.0,-0.061224489795918324
300,2009,NJD,82,51,27,1.0,0.10869565217391308
333,2010,NJD,82,48,27,1.0,-0.05882352941176472
384,2011,NJD,82,38,39,1.0,-0.20833333333333337
402,2012,NJD,82,48,28,1.0,0.26315789473684204
449,2013,NJD,48,19,19,1.0,-0.6041666666666667
480,2014,NJD,82,35,29,1.0,0.8421052631578947
546,2016,NJD,82,38,36,2.0,0.08571428571428563
587,2017,NJD,82,28,40,1.0,-0.26315789473684215
607,2018,NJD,82,44,29,1.0,0.5714285714285714
656,2019,NJD,56,21,27,1.0,-0.5227272727272727
81,1973,NYI,78,12,60,-46.0,-0.4285714285714286
99,1974,NYI,78,19,41,1.0,0.5833333333333333
111,1975,NYI,80,33,25,1.0,0.736842105263158
129,1976,NYI,80,42,21,1.0,0.2727272727272727
149,1977,NYI,80,47,21,1.0,0.11904761904761907
169,1978,NYI,80,48,17,1.0,0.02127659574468077
188,1979,NYI,80,51,15,1.0,0.0625
212,1980,NYI,80,39,28,1.0,-0.23529411764705888
232,1981,NYI,80,48,18,1.0,0.23076923076923084
256,1982,NYI,80,54,16,1.0,0.125
285,1983,NYI,80,42,26,1.0,-0.2222222222222222
306,1984,NYI,80,50,26,1.0,0.19047619047619047
337,1985,NYI,80,40,34,1.0,-0.19999999999999996
356,1986,NYI,80,39,29,1.0,-0.025000000000000022
384,1987,NYI,80,35,33,1.0,-0.10256410256410253
405,1988,NYI,80,39,31,1.0,0.11428571428571432
443,1989,NYI,80,28,47,1.0,-0.28205128205128205
463,1990,NYI,80,31,38,1.0,0.1071428571428572
490,1991,NYI,80,25,45,1.0,-0.19354838709677424
509,1992,NYI,80,34,35,1.0,0.3600000000000001
533,1993,NYI,84,40,37,1.0,0.17647058823529416
562,1994,NYI,84,36,36,1.0,-0.09999999999999998
601,1995,NYI,48,15,28,1.0,-0.5833333333333333
629,1996,NYI,82,22,50,1.0,0.46666666666666656
656,1997,NYI,82,29,41,1.0,0.3181818181818181
682,1998,NYI,82,30,41,1.0,0.034482758620689724
26,1999,NYI,82,24,48,1.0,-0.19999999999999996
57,2000,NYI,82,24,48,1.0,0.0
92,2001,NYI,82,21,51,1.0,-0.125
103,2002,NYI,82,42,28,1.0,1.0
144,2003,NYI,82,35,34,1.0,-0.16666666666666663
177,2004,NYI,82,38,29,1.0,0.08571428571428563
220,2006,NYI,82,36,40,2.0,-0.052631578947368474
246,2007,NYI,82,40,30,1.0,0.11111111111111116
289,2008,NYI,82,35,38,1.0,-0.125
354,2010,NYI,82,34,37,2.0,-0.02857142857142858
388,2011,NYI,82,30,39,1.0,-0.11764705882352944
444,2013,NYI,48,24,17,2.0,-0.19999999999999996
486,2014,NYI,82,34,37,1.0,0.41666666666666674
502,2015,NYI,82,47,28,1.0,0.38235294117647056
536,2016,NYI,82,45,27,1.0,-0.04255319148936165
575,2017,NYI,82,41,29,1.0,-0.0888888888888889
614,2018,NYI,82,35,37,1.0,-0.14634146341463417
633,2019,NYI,56,33,17,1.0,-0.05714285714285716
4,1969,NYR,76,41,26,-50.0,0.24242424242424243
20,1970,NYR,76,38,22,1.0,-0.07317073170731703
33,1971,NYR,78,49,18,1.0,0.2894736842105263
50,1972,NYR,78,48,17,1.0,-0.020408163265306145
68,1973,NYR,78,47,23,1.0,-0.02083333333333337
89,1974,NYR,78,40,24,1.0,-0.14893617021276595
110,1975,NYR,80,37,29,1.0,-0.07499999999999996
137,1976,NYR,80,29,42,1.0,-0.21621621621621623
156,1977,NYR,80,29,37,1.0,0.0
177,1978,NYR,80,30,37,1.0,0.034482758620689724
215,1980,NYR,80,38,32,2.0,0.2666666666666666
245,1981,NYR,80,30,36,1.0,-0.21052631578947367
262,1982,NYR,80,39,27,1.0,0.30000000000000004
290,1983,NYR,80,35,35,1.0,-0.10256410256410253
311,1984,NYR,80,42,29,1.0,0.19999999999999996
344,1985,NYR,80,26,44,1.0,-0.38095238095238093
365,1986,NYR,80,36,38,1.0,0.3846153846153846
387,1987,NYR,80,34,38,1.0,-0.05555555555555558
410,1988,NYR,80,36,34,1.0,0.05882352941176472
432,1989,NYR,80,37,35,1.0,0.02777777777777768
456,1990,NYR,80,36,31,1.0,-0.027027027027026973
479,1991,NYR,80,36,31,1.0,0.0
496,1992,NYR,80,50,25,1.0,0.38888888888888884
539,1993,NYR,84,34,39,1.0,-0.31999999999999995
548,1994,NYR,84,52,24,1.0,0.5294117647058822
610,1996,NYR,82,41,27,2.0,-0.21153846153846156
642,1997,NYR,82,38,34,1.0,-0.07317073170731703
684,1998,NYR,82,25,39,1.0,-0.3421052631578947
19,1999,NYR,82,33,38,1.0,0.32000000000000006
55,2000,NYR,82,29,38,1.0,-0.12121212121212122
83,2001,NYR,82,33,43,1.0,0.13793103448275867
116,2002,NYR,82,36,38,1.0,0.09090909090909083
148,2003,NYR,82,32,36,1.0,-0.11111111111111116
186,2004,NYR,82,27,40,1.0,-0.15625
206,2006,NYR,82,44,26,2.0,0.6296296296296295
244,2007,NYR,82,42,30,1.0,-0.045454545454545414
270,2008,NYR,82,42,27,1.0,0.0
307,2009,NYR,82,43,30,1.0,0.023809523809523725
379,2011,NYR,82,44,33,2.0,0.023255813953488413
396,2012,NYR,82,51,24,1.0,0.15909090909090917
441,2013,NYR,48,26,18,1.0,-0.4901960784313726
472,2014,NYR,82,45,31,1.0,0.7307692307692308
494,2015,NYR,82,53,22,1.0,0.1777777777777778
535,2016,NYR,82,46,27,1.0,-0.13207547169811318
568,2017,NYR,82,48,28,1.0,0.04347826086956519
616,2018,NYR,82,34,39,1.0,-0.29166666666666663
647,2019,NYR,56,24,24,1.0,-0.2941176470588235
9,1969,OAK,76,29,36,-50.0,0.20833333333333326
26,1970,OAK,76,22,40,1.0,-0.24137931034482762
543,1993,OTT,84,10,70,23.0,-0.5454545454545454
573,1994,OTT,84,14,61,1.0,0.3999999999999999
602,1995,OTT,48,9,34,1.0,-0.3571428571428571
631,1996,OTT,82,18,59,1.0,1.0
651,1997,OTT,82,31,36,1.0,0.7222222222222223
676,1998,OTT,82,34,33,1.0,0.09677419354838701
4,1999,OTT,82,44,23,1.0,0.2941176470588236
41,2000,OTT,82,41,28,1.0,-0.06818181818181823
66,2001,OTT,82,48,21,1.0,0.1707317073170731
109,2002,OTT,82,39,27,1.0,-0.1875
129,2003,OTT,82,52,21,1.0,0.33333333333333326
167,2004,OTT,82,43,23,1.0,-0.17307692307692313
198,2006,OTT,82,52,21,2.0,0.20930232558139528
237,2007,OTT,82,48,25,1.0,-0.07692307692307687
274,2008,OTT,82,43,31,1.0,-0.10416666666666663
318,2009,OTT,82,36,35,1.0,-0.16279069767441856
341,2010,OTT,82,44,32,1.0,0.22222222222222232
387,2011,OTT,82,32,40,1.0,-0.2727272727272727
409,2012,OTT,82,41,31,1.0,0.28125
439,2013,OTT,48,25,17,1.0,-0.3902439024390244
481,2014,OTT,82,37,31,1.0,0.48
507,2015,OTT,82,43,26,1.0,0.16216216216216206
571,2017,OTT,82,44,28,2.0,0.023255813953488413
622,2018,OTT,82,28,43,1.0,-0.36363636363636365
657,2019,OTT,56,21,30,1.0,-0.25
10,1969,PHI,76,20,35,-50.0,-0.04761904761904767
27,1970,PHI,76,17,35,1.0,-0.15000000000000002
38,1971,PHI,78,28,33,1.0,0.6470588235294117
57,1972,PHI,78,26,38,1.0,-0.0714285714285714
73,1973,PHI,78,37,30,1.0,0.42307692307692313
86,1974,PHI,78,50,16,1.0,0.3513513513513513
106,1975,PHI,80,51,18,1.0,0.020000000000000018
147,1977,PHI,80,48,16,2.0,-0.05882352941176472
171,1978,PHI,80,45,20,1.0,-0.0625
191,1979,PHI,80,40,25,1.0,-0.11111111111111116
208,1980,PHI,80,48,12,1.0,0.19999999999999996
237,1981,PHI,80,41,24,1.0,-0.14583333333333337
263,1982,PHI,80,38,31,1.0,-0.07317073170731703
281,1983,PHI,80,49,23,1.0,0.2894736842105263
309,1984,PHI,80,44,26,1.0,-0.10204081632653061
328,1985,PHI,80,53,20,1.0,0.20454545454545459
353,1986,PHI,80,53,23,1.0,0.0
377,1987,PHI,80,46,26,1.0,-0.13207547169811318
406,1988,PHI,80,38,33,1.0,-0.17391304347826086
433,1989,PHI,80,36,36,1.0,-0.052631578947368474
465,1990,PHI,80,30,39,1.0,-0.16666666666666663
484,1991,PHI,80,33,37,1.0,0.10000000000000009
510,1992,PHI,80,32,37,1.0,-0.030303030303030276
537,1993,PHI,84,36,37,1.0,0.125
565,1994,PHI,84,35,39,1.0,-0.02777777777777779
581,1995,PHI,48,28,16,1.0,-0.19999999999999996
608,1996,PHI,82,45,24,1.0,0.6071428571428572
638,1997,PHI,82,45,24,1.0,0.0
669,1998,PHI,82,42,29,1.0,-0.06666666666666665
7,1999,PHI,82,37,26,1.0,-0.11904761904761907
34,2000,PHI,82,45,22,1.0,0.21621621621621623
69,2001,PHI,82,43,25,1.0,-0.0444444444444444
102,2002,PHI,82,42,27,1.0,-0.023255813953488413
133,2003,PHI,82,45,20,1.0,0.0714285714285714
169,2004,PHI,82,40,21,1.0,-0.11111111111111116
204,2006,PHI,82,45,26,2.0,0.125
259,2007,PHI,82,22,48,1.0,-0.5111111111111111
272,2008,PHI,82,42,29,1.0,0.9090909090909092
304,2009,PHI,82,44,27,1.0,0.04761904761904767
347,2010,PHI,82,41,35,1.0,-0.06818181818181823
364,2011,PHI,82,47,23,1.0,0.14634146341463405
400,2012,PHI,82,47,26,1.0,0.0
447,2013,PHI,48,23,22,1.0,-0.5106382978723405
473,2014,PHI,82,42,30,1.0,0.826086956521739
517,2015,PHI,82,33,31,1.0,-0.2142857142857143
539,2016,PHI,82,41,27,1.0,0.24242424242424243
578,2017,PHI,82,39,33,1.0,-0.04878048780487809
604,2018,PHI,82,42,26,1.0,0.07692307692307687
645,2019,PHI,57,26,24,1.0,-0.38095238095238093
646,1997,PHX,82,38,37,-22.0,0.46153846153846145
677,1998,PHX,82,35,35,1.0,-0.07894736842105265
11,1999,PHX,82,39,31,1.0,0.11428571428571432
43,2000,PHX,82,39,31,1.0,0.0
78,2001,PHX,82,35,27,1.0,-0.10256410256410253
105,2002,PHX,82,40,27,1.0,0.1428571428571428
147,2003,PHX,82,31,35,1.0,-0.22499999999999998
187,2004,PHX,82,22,36,1.0,-0.29032258064516125
219,2006,PHX,82,38,39,2.0,0.7272727272727273
258,2007,PHX,82,31,46,1.0,-0.1842105263157895
285,2008,PHX,82,38,37,1.0,0.22580645161290325
320,2009,PHX,82,36,39,1.0,-0.052631578947368474
332,2010,PHX,82,50,25,1.0,0.38888888888888884
370,2011,PHX,82,43,26,1.0,-0.14
405,2012,PHX,82,42,27,1.0,-0.023255813953488413
478,2014,PHX,82,37,30,2.0,-0.11904761904761907
13,1969,PIT,76,20,45,-45.0,-0.45945945945945943
24,1970,PIT,76,26,38,1.0,0.30000000000000004
42,1971,PIT,78,21,37,1.0,-0.1923076923076923
58,1972,PIT,78,26,38,1.0,0.23809523809523814
76,1973,PIT,78,32,37,1.0,0.23076923076923084
95,1974,PIT,78,28,41,1.0,-0.125
109,1975,PIT,80,37,28,1.0,0.3214285714285714
132,1976,PIT,80,35,33,1.0,-0.05405405405405406
153,1977,PIT,80,34,33,1.0,-0.02857142857142858
178,1978,PIT,80,25,37,1.0,-0.2647058823529411
195,1979,PIT,80,36,31,1.0,0.43999999999999995
221,1980,PIT,80,30,37,1.0,-0.16666666666666663
246,1981,PIT,80,30,37,1.0,0.0
268,1982,PIT,80,31,36,1.0,0.03333333333333344
300,1983,PIT,80,18,53,1.0,-0.4193548387096774
324,1984,PIT,80,16,58,1.0,-0.11111111111111116
347,1985,PIT,80,24,51,1.0,0.5
366,1986,PIT,80,34,38,1.0,0.41666666666666674
388,1987,PIT,80,30,38,1.0,-0.11764705882352944
411,1988,PIT,80,36,35,1.0,0.19999999999999996
429,1989,PIT,80,40,33,1.0,0.11111111111111116
464,1990,PIT,80,32,40,1.0,-0.19999999999999996
478,1991,PIT,80,41,33,1.0,0.28125
501,1992,PIT,80,39,32,1.0,-0.04878048780487809
521,1993,PIT,84,56,21,1.0,0.4358974358974359
550,1994,PIT,84,44,27,1.0,-0.2142857142857143
580,1995,PIT,48,29,16,1.0,-0.34090909090909094
609,1996,PIT,82,49,29,1.0,0.6896551724137931
644,1997,PIT,82,38,36,1.0,-0.22448979591836737
668,1998,PIT,82,40,24,1.0,0.05263157894736836
12,1999,PIT,82,38,30,1.0,-0.050000000000000044
44,2000,PIT,82,37,31,1.0,-0.02631578947368418
71,2001,PIT,82,42,28,1.0,0.1351351351351351
121,2002,PIT,82,28,41,1.0,-0.33333333333333337
157,2003,PIT,82,27,44,1.0,-0.0357142857142857
191,2004,PIT,82,23,47,1.0,-0.14814814814814814
225,2006,PIT,82,22,46,2.0,-0.04347826086956519
238,2007,PIT,82,47,24,1.0,1.1363636363636362
266,2008,PIT,82,47,27,1.0,0.0
303,2009,PIT,82,45,28,1.0,-0.04255319148936165
337,2010,PIT,82,47,28,1.0,0.04444444444444451
365,2011,PIT,82,49,25,1.0,0.042553191489361764
398,2012,PIT,82,51,25,1.0,0.04081632653061229
429,2013,PIT,48,36,12,1.0,-0.2941176470588235
466,2014,PIT,82,51,24,1.0,0.41666666666666674
508,2015,PIT,82,43,27,1.0,-0.1568627450980392
530,2016,PIT,82,48,26,1.0,0.11627906976744184
561,2017,PIT,82,50,21,1.0,0.04166666666666674
602,2018,PIT,82,47,29,1.0,-0.06000000000000005
637,2019,PIT,57,30,20,1.0,-0.36170212765957444
226,1980,QUE,80,25,44,-39.0,-0.16666666666666663
241,1981,QUE,80,30,32,1.0,0.19999999999999996
264,1982,QUE,80,33,31,1.0,0.10000000000000009
289,1983,QUE,80,34,34,1.0,0.030303030303030276
310,1984,QUE,80,42,28,1.0,0.23529411764705888
334,1985,QUE,80,41,30,1.0,-0.023809523809523836
355,1986,QUE,80,43,31,1.0,0.04878048780487809
390,1987,QUE,80,31,39,1.0,-0.2790697674418605
416,1988,QUE,80,32,43,1.0,0.032258064516129004
444,1989,QUE,80,27,46,1.0,-0.15625
468,1990,QUE,80,12,61,1.0,-0.5555555555555556
492,1991,QUE,80,16,50,1.0,0.33333333333333326
516,1992,QUE,80,20,48,1.0,0.25
566,1994,QUE,84,34,42,2.0,0.7
578,1995,QUE,48,30,13,1.0,-0.11764705882352944
517,1992,SJS,80,17,58,-3.0,-0.43333333333333335
544,1993,SJS,84,11,71,1.0,-0.3529411764705882
564,1994,SJS,84,33,35,1.0,2.0
594,1995,SJS,48,19,25,1.0,-0.4242424242424242
630,1996,SJS,82,20,55,1.0,0.05263157894736836
659,1997,SJS,82,27,47,1.0,0.3500000000000001
679,1998,SJS,82,34,38,1.0,0.2592592592592593
16,1999,SJS,82,31,33,1.0,-0.08823529411764708
73,2001,SJS,82,40,27,2.0,0.29032258064516125
99,2002,SJS,82,44,27,1.0,0.10000000000000009
153,2003,SJS,82,28,37,1.0,-0.36363636363636365
207,2006,SJS,82,44,27,3.0,0.5714285714285714
236,2007,SJS,82,51,26,1.0,0.15909090909090917
264,2008,SJS,82,49,23,1.0,-0.039215686274509776
296,2009,SJS,82,53,18,1.0,0.08163265306122458
330,2010,SJS,82,51,20,1.0,-0.037735849056603765
366,2011,SJS,82,48,25,1.0,-0.05882352941176472
406,2012,SJS,82,43,29,1.0,-0.10416666666666663
438,2013,SJS,48,25,16,1.0,-0.41860465116279066
464,2014,SJS,82,51,22,1.0,1.04
515,2015,SJS,82,40,33,1.0,-0.21568627450980393
537,2016,SJS,82,46,30,1.0,0.1499999999999999
570,2017,SJS,82,46,29,1.0,0.0
628,2019,SJS,57,34,16,2.0,-0.26086956521739135
5,1969,STL,76,37,25,-50.0,0.08823529411764697
22,1970,STL,76,37,27,1.0,0.0
36,1971,STL,78,34,25,1.0,-0.08108108108108103
56,1972,STL,78,28,39,1.0,-0.17647058823529416
74,1973,STL,78,32,34,1.0,0.1428571428571428
96,1974,STL,78,26,40,1.0,-0.1875
113,1975,STL,80,35,31,1.0,0.34615384615384626
136,1976,STL,80,29,37,1.0,-0.17142857142857137
155,1977,STL,80,32,39,1.0,0.10344827586206895
182,1978,STL,80,20,47,1.0,-0.375
203,1979,STL,80,18,50,1.0,-0.09999999999999998
217,1980,STL,80,34,34,1.0,0.8888888888888888
233,1981,STL,80,45,18,1.0,0.32352941176470584
269,1982,STL,80,32,40,1.0,-0.28888888888888886
296,1983,STL,80,25,40,1.0,-0.21875
317,1984,STL,80,32,41,1.0,0.28
336,1985,STL,80,37,31,1.0,0.15625
363,1986,STL,80,37,34,1.0,0.0
385,1987,STL,80,32,33,1.0,-0.1351351351351351
414,1988,STL,80,34,38,1.0,0.0625
436,1989,STL,80,33,35,1.0,-0.02941176470588236
457,1990,STL,80,37,34,1.0,0.1212121212121211
473,1991,STL,80,47,22,1.0,0.2702702702702702
506,1992,STL,80,36,33,1.0,-0.23404255319148937
536,1993,STL,84,37,36,1.0,0.02777777777777768
558,1994,STL,84,40,33,1.0,0.08108108108108114
579,1995,STL,48,28,15,1.0,-0.30000000000000004
619,1996,STL,82,32,34,1.0,0.1428571428571428
645,1997,STL,82,36,35,1.0,0.125
667,1998,STL,82,45,29,1.0,0.25
13,1999,STL,82,37,32,1.0,-0.1777777777777778
32,2000,STL,82,51,19,1.0,0.3783783783783783
68,2001,STL,82,43,22,1.0,-0.1568627450980392
136,2003,STL,82,41,24,2.0,-0.046511627906976716
175,2004,STL,82,39,30,1.0,-0.04878048780487809
226,2006,STL,82,21,46,2.0,-0.46153846153846156
251,2007,STL,82,34,35,1.0,0.6190476190476191
288,2008,STL,82,33,36,1.0,-0.02941176470588236
311,2009,STL,82,41,31,1.0,0.24242424242424243
344,2010,STL,82,40,32,1.0,-0.024390243902439046
381,2011,STL,82,38,33,1.0,-0.050000000000000044
433,2013,STL,48,29,17,2.0,-0.23684210526315785
465,2014,STL,82,52,23,1.0,0.7931034482758621
496,2015,STL,82,51,24,1.0,-0.019230769230769273
529,2016,STL,82,49,24,1.0,-0.039215686274509776
569,2017,STL,82,46,29,1.0,-0.061224489795918324
610,2018,STL,82,44,32,1.0,-0.04347826086956519
643,2019,STL,55,28,22,1.0,-0.36363636363636365
542,1993,TBL,84,23,54,-26.0,-0.1785714285714286
567,1994,TBL,84,30,43,1.0,0.30434782608695654
599,1995,TBL,48,17,28,1.0,-0.43333333333333335
616,1996,TBL,82,38,32,1.0,1.2352941176470589
654,1997,TBL,82,32,40,1.0,-0.1578947368421053
689,1998,TBL,82,17,55,1.0,-0.46875
28,1999,TBL,82,19,54,1.0,0.11764705882352944
58,2000,TBL,82,19,47,1.0,0.0
91,2001,TBL,82,24,47,1.0,0.26315789473684204
140,2003,TBL,82,36,25,2.0,0.5
163,2004,TBL,82,46,22,1.0,0.2777777777777777
213,2006,TBL,82,43,33,2.0,-0.06521739130434778
245,2007,TBL,82,44,33,1.0,0.023255813953488413
292,2008,TBL,82,31,42,1.0,-0.2954545454545454
324,2009,TBL,82,24,40,1.0,-0.22580645161290325
353,2010,TBL,82,34,36,1.0,0.41666666666666674
368,2011,TBL,82,46,25,1.0,0.3529411764705883
415,2012,TBL,82,38,36,1.0,-0.17391304347826086
455,2013,TBL,48,18,26,1.0,-0.5263157894736843
468,2014,TBL,82,46,27,1.0,1.5555555555555554
498,2015,TBL,82,50,24,1.0,0.08695652173913038
538,2016,TBL,82,46,31,1.0,-0.07999999999999996
595,2018,TBL,82,54,23,2.0,0.17391304347826098
627,2019,TBL,57,42,11,1.0,-0.2222222222222222
6,1969,TOR,76,35,26,-50.0,-0.16666666666666663
23,1970,TOR,76,29,34,1.0,-0.17142857142857137
37,1971,TOR,78,37,33,1.0,0.27586206896551735
54,1972,TOR,78,33,31,1.0,-0.10810810810810811
78,1973,TOR,78,27,41,1.0,-0.18181818181818177
90,1974,TOR,78,35,27,1.0,0.2962962962962963
116,1975,TOR,80,31,33,1.0,-0.11428571428571432
131,1976,TOR,80,34,31,1.0,0.09677419354838701
152,1977,TOR,80,33,32,1.0,-0.02941176470588236
172,1978,TOR,80,41,29,1.0,0.24242424242424243
196,1979,TOR,80,34,33,1.0,-0.1707317073170732
218,1980,TOR,80,35,40,1.0,0.02941176470588225
247,1981,TOR,80,28,37,1.0,-0.19999999999999996
274,1982,TOR,80,20,44,1.0,-0.2857142857142857
294,1983,TOR,80,28,40,1.0,0.3999999999999999
321,1984,TOR,80,26,45,1.0,-0.0714285714285714
348,1985,TOR,80,20,52,1.0,-0.23076923076923073
370,1986,TOR,80,25,48,1.0,0.25
391,1987,TOR,80,32,42,1.0,0.28
419,1988,TOR,80,21,49,1.0,-0.34375
442,1989,TOR,80,28,46,1.0,0.33333333333333326
459,1990,TOR,80,38,38,1.0,0.3571428571428572
514,1992,TOR,80,30,43,2.0,-0.21052631578947367
528,1993,TOR,84,44,29,1.0,0.46666666666666656
552,1994,TOR,84,43,29,1.0,-0.022727272727272707
588,1995,TOR,48,21,19,1.0,-0.5116279069767442
618,1996,TOR,82,34,36,1.0,0.6190476190476191
657,1997,TOR,82,30,44,1.0,-0.11764705882352944
683,1998,TOR,82,30,43,1.0,0.0
6,1999,TOR,82,45,30,1.0,0.5
38,2000,TOR,82,45,27,1.0,0.0
76,2001,TOR,82,37,29,1.0,-0.1777777777777778
98,2002,TOR,82,43,25,1.0,0.16216216216216206
137,2003,TOR,82,44,28,1.0,0.023255813953488413
166,2004,TOR,82,45,24,1.0,0.022727272727272707
214,2006,TOR,82,41,33,2.0,-0.0888888888888889
247,2007,TOR,82,40,31,1.0,-0.024390243902439046
286,2008,TOR,82,36,35,1.0,-0.09999999999999998
319,2009,TOR,82,34,35,1.0,-0.05555555555555558
357,2010,TOR,82,30,38,1.0,-0.11764705882352944
383,2011,TOR,82,37,34,1.0,0.2333333333333334
420,2012,TOR,82,35,37,1.0,-0.05405405405405406
436,2013,TOR,48,26,17,1.0,-0.2571428571428571
483,2014,TOR,82,38,36,1.0,0.46153846153846145
520,2015,TOR,82,30,44,1.0,-0.21052631578947367
556,2016,TOR,82,29,42,1.0,-0.033333333333333326
572,2017,TOR,82,40,27,1.0,0.3793103448275863
599,2018,TOR,82,49,26,1.0,0.2250000000000001
631,2019,TOR,56,35,18,1.0,-0.2857142857142857
43,1971,VAN,78,24,46,-48.0,-0.3142857142857143
62,1972,VAN,78,20,50,1.0,-0.16666666666666663
79,1973,VAN,78,22,47,1.0,0.10000000000000009
98,1974,VAN,78,24,43,1.0,0.09090909090909083
112,1975,VAN,80,38,32,1.0,0.5833333333333333
135,1976,VAN,80,33,32,1.0,-0.13157894736842102
160,1977,VAN,80,25,42,1.0,-0.24242424242424243
180,1978,VAN,80,20,43,1.0,-0.19999999999999996
200,1979,VAN,80,25,42,1.0,0.25
222,1980,VAN,80,27,37,1.0,0.08000000000000007
243,1981,VAN,80,28,32,1.0,0.03703703703703698
266,1982,VAN,80,30,33,1.0,0.0714285714285714
292,1983,VAN,80,30,35,1.0,0.0
316,1984,VAN,80,32,39,1.0,0.06666666666666665
345,1985,VAN,80,25,46,1.0,-0.21875
367,1986,VAN,80,23,44,1.0,-0.07999999999999996
394,1987,VAN,80,29,43,1.0,0.26086956521739135
418,1988,VAN,80,25,46,1.0,-0.13793103448275867
437,1989,VAN,80,33,39,1.0,0.32000000000000006
467,1990,VAN,80,25,41,1.0,-0.24242424242424243
488,1991,VAN,80,28,43,1.0,0.1200000000000001
499,1992,VAN,80,42,26,1.0,0.5
527,1993,VAN,84,46,29,1.0,0.09523809523809534
561,1994,VAN,84,41,40,1.0,-0.10869565217391308
589,1995,VAN,48,18,18,1.0,-0.5609756097560976
620,1996,VAN,82,32,35,1.0,0.7777777777777777
649,1997,VAN,82,35,40,1.0,0.09375
687,1998,VAN,82,25,43,1.0,-0.2857142857142857
27,1999,VAN,82,23,47,1.0,-0.07999999999999996
49,2000,VAN,82,30,29,1.0,0.30434782608695654
77,2001,VAN,82,36,28,1.0,0.19999999999999996
108,2002,VAN,82,42,30,1.0,0.16666666666666674
135,2003,VAN,82,45,23,1.0,0.0714285714285714
168,2004,VAN,82,43,24,1.0,-0.0444444444444444
212,2006,VAN,82,42,32,2.0,-0.023255813953488413
239,2007,VAN,82,49,26,1.0,0.16666666666666674
281,2008,VAN,82,39,33,1.0,-0.20408163265306123
302,2009,VAN,82,45,27,1.0,0.15384615384615374
334,2010,VAN,82,49,28,1.0,0.0888888888888888
362,2011,VAN,82,54,19,1.0,0.1020408163265305
395,2012,VAN,82,51,22,1.0,-0.05555555555555558
435,2013,VAN,48,26,15,1.0,-0.4901960784313726
485,2014,VAN,82,36,35,1.0,0.3846153846153846
501,2015,VAN,82,48,29,1.0,0.33333333333333326
554,2016,VAN,82,31,38,1.0,-0.35416666666666663
588,2017,VAN,82,30,43,1.0,-0.032258064516129004
618,2018,VAN,82,31,40,1.0,0.03333333333333344
646,2019,VAN,58,25,26,1.0,-0.19354838709677424
597,2018,VGK,82,51,24,-1.0,1.04
639,2019,VGK,58,31,23,1.0,-0.3921568627450981
121,1975,WSH,80,8,67,-44.0,-0.7419354838709677
142,1976,WSH,80,11,59,1.0,0.375
161,1977,WSH,80,24,42,1.0,1.1818181818181817
183,1978,WSH,80,17,49,1.0,-0.29166666666666663
201,1979,WSH,80,24,41,1.0,0.41176470588235303
224,1980,WSH,80,27,40,1.0,0.125
248,1981,WSH,80,26,36,1.0,-0.03703703703703709
271,1982,WSH,80,26,41,1.0,0.0
287,1983,WSH,80,39,25,1.0,0.5
308,1984,WSH,80,48,27,1.0,0.23076923076923084
330,1985,WSH,80,46,25,1.0,-0.04166666666666663
354,1986,WSH,80,50,23,1.0,0.08695652173913038
382,1987,WSH,80,38,32,1.0,-0.24
407,1988,WSH,80,38,33,1.0,0.0
426,1989,WSH,80,41,29,1.0,0.07894736842105265
460,1990,WSH,80,36,38,1.0,-0.12195121951219512
480,1991,WSH,80,37,36,1.0,0.02777777777777768
497,1992,WSH,80,45,27,1.0,0.21621621621621623
530,1993,WSH,84,43,34,1.0,-0.0444444444444444
559,1994,WSH,84,39,35,1.0,-0.09302325581395354
585,1995,WSH,48,22,18,1.0,-0.4358974358974359
615,1996,WSH,82,39,32,1.0,0.7727272727272727
652,1997,WSH,82,33,40,1.0,-0.15384615384615385
671,1998,WSH,82,40,30,1.0,0.21212121212121215
24,1999,WSH,82,31,45,1.0,-0.22499999999999998
36,2000,WSH,82,44,24,1.0,0.4193548387096775
72,2001,WSH,82,41,27,1.0,-0.06818181818181823
114,2002,WSH,82,36,33,1.0,-0.12195121951219512
141,2003,WSH,82,39,29,1.0,0.08333333333333326
190,2004,WSH,82,23,46,1.0,-0.41025641025641024
223,2006,WSH,82,29,41,2.0,0.26086956521739135
256,2007,WSH,82,28,40,1.0,-0.03448275862068961
299,2009,WSH,82,50,24,2.0,0.7857142857142858
329,2010,WSH,82,54,15,1.0,0.08000000000000007
363,2011,WSH,82,48,23,1.0,-0.11111111111111116
410,2012,WSH,82,42,32,1.0,-0.125
437,2013,WSH,48,27,18,1.0,-0.3571428571428571
477,2014,WSH,82,38,30,1.0,0.40740740740740744
503,2015,WSH,82,45,26,1.0,0.18421052631578938
527,2016,WSH,82,56,18,1.0,0.24444444444444446
560,2017,WSH,82,55,19,1.0,-0.017857142857142905
598,2018,WSH,82,49,26,1.0,-0.10909090909090913
635,2019,WSH,57,31,19,1.0,-0.36734693877551017
228,1980,WIN,80,20,49,-39.0,-0.3548387096774194
252,1981,WIN,80,9,57,1.0,-0.55
265,1982,WIN,80,33,33,1.0,2.6666666666666665
315,1984,WIN,80,31,38,2.0,-0.06060606060606055
331,1985,WIN,80,43,27,1.0,0.3870967741935485
368,1986,WIN,80,26,47,1.0,-0.39534883720930236
381,1987,WIN,80,40,32,1.0,0.5384615384615385
413,1988,WIN,80,33,36,1.0,-0.17500000000000004
441,1989,WIN,80,26,42,1.0,-0.21212121212121215
454,1990,WIN,80,37,32,1.0,0.42307692307692313
489,1991,WIN,80,26,43,1.0,-0.29729729729729726
508,1992,WIN,80,33,32,1.0,0.26923076923076916
534,1993,WIN,84,40,37,1.0,0.21212121212121215
572,1994,WIN,84,24,51,1.0,-0.4
597,1995,WIN,48,16,25,1.0,-0.33333333333333337
623,1996,WIN,82,36,40,1.0,1.25
416,2012,WIN,82,37,35,16.0,0.02777777777777768
446,2013,WIN,48,24,21,1.0,-0.3513513513513513
482,2014,WIN,82,37,35,1.0,0.5416666666666667
506,2015,WIN,82,43,26,1.0,0.16216216216216206
551,2016,WIN,82,35,39,1.0,-0.18604651162790697
579,2017,WIN,82,40,35,1.0,0.1428571428571428
594,2018,WIN,82,52,20,1.0,0.30000000000000004
629,2019,WIN,57,36,18,1.0,-0.3076923076923077
